[
    {
      "context": "The RBI publishes a notification in the Gazette regarding claimants seeking replacements for lost 9% Relief Bonds issued in 1987.",
      "question": "What type of bonds are claimants seeking replacements for?",
      "answer": "Claimants are seeking replacements for 9% Relief Bonds issued in 1987."
    },
    {
      "context": "The Gazette features a notification by the ICAI about members who were restored to the register in 1998, including professionals from Mumbai and Ahmedabad.",
      "question": "Which members were restored to the ICAI register in 1998?",
      "answer": "Members from Mumbai and Ahmedabad, among others, were restored to the ICAI register in 1998."
    },
    {
      "context": "The Corporation Bank notification includes detailed regulations on how former employees may engage in professional practice post-retirement.",
      "question": "What are the guidelines for professional practice post-retirement as per Corporation Bank?",
      "answer": "Former employees must seek approval if their practice relates to their official bank knowledge or gives unfair advantages due to their past role."
    },
    {
      "context": "The Reserve Bank of India publishes a list of lost 10% Relief Bonds from the New Delhi Circle, with claimants listed for replacement.",
      "question": "Which bonds from New Delhi are listed as lost in the RBI notification?",
      "answer": "The 10% Relief Bonds from the New Delhi Circle are listed as lost."
    },
    {
      "context": "The Gazette notification lists several ICAI members requesting to be removed from the register in 1999.",
      "question": "What reason is given for ICAI members being removed from the register?",
      "answer": "The members requested their own removal from the register."
    },
    {
      "context": "The Gazette contains a section from Corporation Bank about the acceptance of post-retirement employment in private firms by former bank officers.",
      "question": "What does Corporation Bank's post-retirement employment policy cover?",
      "answer": "It covers the requirement for former officers to obtain permission before accepting private sector jobs within two years of retirement."
    },
    {
      "context": "The RBI publishes a list of bonds lost in the Byculla Circle, with claimants seeking replacement or discharge value.",
      "question": "What is the RBI's Byculla Circle notification about?",
      "answer": "It is about lost bonds, with claimants seeking replacements or discharge value."
    },
    {
      "context": "The ICAI notification restores several members who were previously removed from the membership register at their request.",
      "question": "What does the ICAI notification published in 1998 highlight?",
      "answer": "It highlights the restoration of members to the ICAI register after their earlier removal."
    },
    {
      "context": "The Gazette features a section about Corporation Bank’s new rules on officers taking up private sector jobs post-retirement, including a clause about contractual employees.",
      "question": "Are contractual employees covered under Corporation Bank’s post-retirement employment regulations?",
      "answer": "No, contractual employees are excluded from these regulations."
    },
    {
      "context": "The RBI notification includes a list of lost bonds from various regions, with claimants from circles such as Ahmedabad and Byculla.",
      "question": "Which regions are mentioned in the list of lost bonds in the RBI notification?",
      "answer": "Ahmedabad and Byculla circles are mentioned."
    },
    {
      "context": "Corporation Bank issues a notification about officers taking up employment in the private sector post-retirement, emphasizing the need for prior bank approval.",
      "question": "What does Corporation Bank require for post-retirement employment?",
      "answer": "Corporation Bank requires prior approval before officers can accept private sector employment."
    },
    {
      "context": "The Gazette publishes a notification about the restoration of ICAI members to the register after a period of removal.",
      "question": "What is the main topic of the ICAI notification?",
      "answer": "The main topic is the restoration of previously removed ICAI members to the register."
    },
    {
      "context": "The RBI publishes a list of claimants seeking replacements for lost bonds issued in various regional circles, including New Delhi and Byculla.",
      "question": "Which circles are mentioned in the list of lost bonds in the RBI notification?",
      "answer": "New Delhi and Byculla circles are mentioned."
    },
    {
      "context": "The ICAI notification published in the Gazette lists restored members from Mumbai, Ahmedabad, and other cities after removal at their own request.",
      "question": "Which cities are mentioned in the ICAI restoration list?",
      "answer": "Mumbai and Ahmedabad are mentioned, along with other cities."
    },
    {
      "context": "The Reserve Bank of India’s notification lists lost bonds from Ahmedabad Circle, with claimants seeking replacements or discharge value.",
      "question": "What is the purpose of the RBI's Ahmedabad Circle notification?",
      "answer": "It lists lost bonds and claimants seeking replacements or discharge value."
    },
    {
      "context": "Corporation Bank publishes guidelines for officers accepting jobs in the private sector after retirement, detailing the process of obtaining approval from the bank.",
      "question": "What process must officers follow to accept jobs after retiring from Corporation Bank?",
      "answer": "Officers must seek approval from the bank before accepting any private sector job."
    },
    {
      "context": "The ICAI publishes a notification listing members restored to the membership register after being removed earlier upon their request.",
      "question": "What is highlighted in the ICAI notification published in 1998?",
      "answer": "The restoration of members to the ICAI register after their earlier removal is highlighted."
    },
    {
      "context": "The RBI lists claimants from New Delhi Circle who are seeking replacements for lost 10% Relief Bonds issued in 1995.",
      "question": "What does the RBI notification from New Delhi Circle mention?",
      "answer": "It mentions claimants seeking replacements for lost 10% Relief Bonds issued in 1995."
    },
    {
      "context": "The Gazette publishes a notification by the ICAI regarding members restored to the register from cities such as Mumbai and Pune.",
      "question": "Which cities are mentioned in the ICAI restoration notification?",
      "answer": "Mumbai and Pune are mentioned in the restoration notification."
    },
    {
      "context": "The Reserve Bank of India publishes a list of lost 10% Relief Bonds from the Ahmedabad Circle with claimants listed.",
      "question": "What type of bonds are listed in the RBI's Ahmedabad Circle notification?",
      "answer": "Lost 10% Relief Bonds are listed in the notification."
    },
    {
      "context": "Corporation Bank issues regulations for officers who wish to accept jobs in private sector companies after retirement.",
      "question": "What is required for officers to take private sector jobs post-retirement?",
      "answer": "They must get approval from the bank before accepting any private sector employment."
    },
    {
      "context": "The ICAI notification lists several members who were restored to the membership register in October 1998 after previously being removed at their request.",
      "question": "What does the ICAI notification from October 1998 discuss?",
      "answer": "It discusses the restoration of members to the ICAI register after their earlier removal."
    },
    {
      "context": "The RBI publishes a list of lost securities, with claimants from Ahmedabad and Byculla Circles seeking duplicates or replacements.",
      "question": "Which circles are included in the RBI notification on lost securities?",
      "answer": "Ahmedabad and Byculla Circles are included."
    },
    {
      "context": "The ICAI publishes a notification listing members restored to the register, including those from Mumbai, Pune, and other regions.",
      "question": "Which geographic regions are mentioned in the ICAI member restoration list?",
      "answer": "Regions such as Mumbai and Pune are mentioned."
    },
    {
      "context": "Corporation Bank’s notification emphasizes the importance of obtaining permission before retired officers can accept directorships or roles in private companies.",
      "question": "What is the key requirement for accepting directorships post-retirement in Corporation Bank?",
      "answer": "Retired officers must obtain permission from the bank before accepting directorships."
    },
    {
      "context": "The Gazette contains a list of lost 9% Relief Bonds from Byculla Circle, with claimants seeking replacements.",
      "question": "What does the list of lost 9% Relief Bonds from Byculla Circle highlight?",
      "answer": "It highlights claimants seeking replacements for lost bonds."
    },
    {
      "context": "The ICAI publishes a list of members removed from the register at their request, including professionals from Mumbai and Ahmedabad.",
      "question": "Why were ICAI members removed from the register in the published list?",
      "answer": "They were removed at their own request."
    },
    {
      "context": "Corporation Bank issues a notification on officers accepting employment in private firms post-retirement, with specific guidelines to follow.",
      "question": "What must officers do before accepting employment in private firms post-retirement according to Corporation Bank?",
      "answer": "They must seek permission from the bank before accepting any employment in private firms."
    },
    {
      "context": "The Gazette of India includes a section about lost securities from Ahmedabad Circle, detailing claimants seeking replacements for lost bonds.",
      "question": "What does the RBI notification from Ahmedabad Circle cover?",
      "answer": "It covers lost bonds and claimants seeking replacements."
    },
    {
      "context": "The ICAI publishes a list of members restored to the register after their removal in the late 1990s, with professionals listed from Mumbai and Pune.",
      "question": "Which regions are mentioned in the ICAI restoration list?",
      "answer": "Mumbai and Pune are mentioned in the restoration list."
    },
    {
      "context": "Introductiom",
      "question": "Hi, How are you?",
      "answer": "I am doing good and what about you. Let me know how i can help you today"
    }
      


    
  ]
  